<?xml version="1.0" encoding="UTF-8"?>
<project-private xmlns="http://www.netbeans.org/ns/project-private/1">
    <editor-bookmarks xmlns="http://www.netbeans.org/ns/editor-bookmarks/2" lastBookmarkId="0"/>
    <open-files xmlns="http://www.netbeans.org/ns/projectui-open-files/2">
        <group>
            <file>file:/Users/vlad/Desktop/curseRepo.d/curseRepo2018.d/PrinciplesOfSoftwareEngineering/2019/MineSweeperPrototype/src/minesweeperprototype/FloodUncoveringZero.java</file>
            <file>file:/Users/vlad/Desktop/curseRepo.d/curseRepo2018.d/PrinciplesOfSoftwareEngineering/2019/MineSweeperPrototype/src/minesweeperprototype/GlobalModel.java</file>
            <file>file:/Users/vlad/Desktop/curseRepo.d/curseRepo2018.d/PrinciplesOfSoftwareEngineering/2019/MineSweeperPrototype/src/minesweeperprototype/Images.java</file>
            <file>file:/Users/vlad/Desktop/curseRepo.d/curseRepo2018.d/PrinciplesOfSoftwareEngineering/2019/MineSweeperPrototype/src/minesweeperprototype/GridView.java</file>
            <file>file:/Users/vlad/Desktop/curseRepo.d/curseRepo2018.d/PrinciplesOfSoftwareEngineering/2019/MineSweeperPrototype/src/minesweeperprototype/MineSweeperPrototype.java</file>
            <file>file:/Users/vlad/Desktop/curseRepo.d/curseRepo2018.d/PrinciplesOfSoftwareEngineering/2019/MineSweeperPrototype/src/minesweeperprototype/MouseListenerForGridView.java</file>
            <file>file:/Users/vlad/Desktop/curseRepo.d/curseRepo2018.d/PrinciplesOfSoftwareEngineering/2019/MineSweeperPrototype/src/minesweeperprototype/SquareGrid.java</file>
        </group>
    </open-files>
</project-private>
